{"795774.71545948": 0.9826329456268892, "716197.243913532": 0.9816196648449727, "636619.7723675839": 0.9779353050379255, "557042.300821636": 0.9745691646695533, "477464.829275688": 0.9696093966719181, "397887.35772974": 0.9604217555682169, "318309.886183792": 0.9436117085090716, "238732.41463784396": 0.9057789818805508, "159154.943091896": 0.775137573389688, "79577.47154594806": 0.455446368131049, "0.0": 0.07340414265474818, "-79577.47154594795": -0.2811800966417252, "-159154.9430918959": -0.7841225549898261, "-238732.41463784396": -0.9061753325332143, "-318309.886183792": -0.9446822064782412, "-397887.35772974": -0.9624561815902805, "-477464.8292756879": -0.9699298384940358, "-557042.3008216359": -0.9753645688205078, "-636619.7723675838": -0.9782726383417456, "-716197.243913532": -0.9801260076291963, "-795774.71545948": -0.9824590433613829}