{"-795774.71545948": -0.9827033989805891, "-716197.243913532": -0.9819088595131549, "-636619.7723675839": -0.9780931457963837, "-557042.300821636": -0.9750882057181165, "-477464.829275688": -0.9693967119255178, "-397887.35772974": -0.9598396130740706, "-318309.886183792": -0.9442120412248656, "-238732.41463784396": -0.9106803017654863, "-159154.943091896": -0.7698848214651731, "-79577.47154594806": -0.44909268565407057, "0.0": -0.067269827319879, "79577.47154594795": 0.2801554295821796, "159154.9430918959": 0.7802248245622646, "238732.41463784396": 0.9095636565888828, "318309.886183792": 0.9443035846137755, "397887.35772974": 0.9616036419170116, "477464.8292756879": 0.9673755841476963, "557042.3008216359": 0.974750191800352, "636619.7723675838": 0.979148072243863, "716197.243913532": 0.9805831280813063, "795774.71545948": 0.9829050199195983}